{
  "success":true,
  "terms":"https:\/\/currencylayer.com\/terms",
  "privacy":"https:\/\/currencylayer.com\/privacy",
  "timestamp":1633162143,
  "source":"USD",
  "quotes":{
    "USDAED":3.673042,
    "USDAFN":89.503991,
    "USDALL":105.150403,
    "USDAMD":485.320403,
    "USDANG":1.794579,
    "USDAOA":599.000367,
    "USDARS":98.707722,
    "USDAUD":1.377879,
    "USDAWG":1.8,
    "USDAZN":1.70397,
    "USDBAM":1.688236,
    "USDBBD":2.018635,
    "USDBDT":85.641127,
    "USDBGN":1.686685,
    "USDBHD":0.377033,
    "USDBIF":1996,
    "USDBMD":1,
    "USDBND":1.357738,
    "USDBOB":6.903487,
    "USDBRL":5.366104,
    "USDBSD":0.99978,
    "USDBTC":2.0943169e-5,
    "USDBTN":74.127721,
    "USDBWP":11.303661,
    "USDBYN":2.513498,
    "USDBYR":19600,
    "USDBZD":2.015286,
    "USDCAD":1.26498,
    "USDCDF":2002.000362,
    "USDCHF":0.930533,
    "USDCLF":0.029111,
    "USDCLP":803.260396,
    "USDCNY":6.446704,
    "USDCOP":3790,
    "USDCRC":625.871244,
    "USDCUC":1,
    "USDCUP":26.5,
    "USDCVE":95.450394,
    "USDCZK":21.836804,
    "USDDJF":177.720394,
    "USDDKK":6.41451,
    "USDDOP":56.450393,
    "USDDZD":137.350393,
    "USDEGP":15.720347,
    "USDERN":15.004954,
    "USDETB":46.203876,
    "USDEUR":0.862404,
    "USDFJD":2.120504,
    "USDFKP":0.72248,
    "USDGBP":0.73828,
    "USDGEL":3.110391,
    "USDGGP":0.72248,
    "USDGHS":6.05039,
    "USDGIP":0.72248,
    "USDGMD":51.55039,
    "USDGNF":9770.000355,
    "USDGTQ":7.737291,
    "USDGYD":209.165728,
    "USDHKD":7.78505,
    "USDHNL":24.180389,
    "USDHRK":6.468104,
    "USDHTG":98.478695,
    "USDHUF":308.550388,
    "USDIDR":14271.95,
    "USDILS":3.218904,
    "USDIMP":0.72248,
    "USDINR":74.14504,
    "USDIQD":1459.5,
    "USDIRR":42190.000352,
    "USDISK":129.650386,
    "USDJEP":0.72248,
    "USDJMD":146.312832,
    "USDJOD":0.70904,
    "USDJPY":111.076504,
    "USDKES":110.503804,
    "USDKGS":84.798304,
    "USDKHR":4095.000351,
    "USDKMF":424.650384,
    "USDKPW":900.000014,
    "USDKRW":1182.620384,
    "USDKWD":0.30145,
    "USDKYD":0.8332,
    "USDKZT":426.618789,
    "USDLAK":10005.000349,
    "USDLBP":1527.000349,
    "USDLKR":199.706011,
    "USDLRD":171.000348,
    "USDLSL":15.130382,
    "USDLTL":2.95274,
    "USDLVL":0.60489,
    "USDLYD":4.560381,
    "USDMAD":9.065504,
    "USDMDL":17.561771,
    "USDMGA":3950.000347,
    "USDMKD":53.184924,
    "USDMMK":1871.090204,
    "USDMNT":2839.237786,
    "USDMOP":8.017384,
    "USDMRO":356.999828,
    "USDMUR":42.696494,
    "USDMVR":15.450378,
    "USDMWK":815.000345,
    "USDMXN":20.450904,
    "USDMYR":4.186504,
    "USDMZN":63.830377,
    "USDNAD":15.130377,
    "USDNGN":410.770377,
    "USDNIO":35.250377,
    "USDNOK":8.62015,
    "USDNPR":118.603939,
    "USDNZD":1.438808,
    "USDOMR":0.385039,
    "USDPAB":0.99978,
    "USDPEN":4.138504,
    "USDPGK":3.535039,
    "USDPHP":50.740785,
    "USDPKR":170.750375,
    "USDPLN":3.95025,
    "USDPYG":6905.730895,
    "USDQAR":3.641038,
    "USDRON":4.265404,
    "USDRSD":101.492872,
    "USDRUB":72.672604,
    "USDRWF":997.5,
    "USDSAR":3.750774,
    "USDSBD":8.061298,
    "USDSCR":13.494848,
    "USDSDG":441.00034,
    "USDSEK":8.76178,
    "USDSGD":1.358075,
    "USDSHP":1.377404,
    "USDSLL":10585.000339,
    "USDSOS":585.000338,
    "USDSRD":21.469504,
    "USDSTD":20697.981008,
    "USDSVC":8.748042,
    "USDSYP":1257.438219,
    "USDSZL":15.13037,
    "USDTHB":33.754038,
    "USDTJS":11.327875,
    "USDTMT":3.5,
    "USDTND":2.832504,
    "USDTOP":2.270504,
    "USDTRY":8.861038,
    "USDTTD":6.791132,
    "USDTWD":27.770368,
    "USDTZS":2305.000336,
    "USDUAH":26.626212,
    "USDUGX":3539.150062,
    "USDUSD":1,
    "USDUYU":42.890867,
    "USDUZS":10700.000335,
    "USDVEF":213830222338.07285,
    "USDVND":22758,
    "USDVUV":111.631732,
    "USDWST":2.560319,
    "USDXAF":566.190351,
    "USDXAG":0.044375,
    "USDXAU":0.000568,
    "USDXCD":2.70255,
    "USDXDR":0.709597,
    "USDXOF":560.503602,
    "USDXPF":103.450364,
    "USDYER":250.250364,
    "USDZAR":14.86313,
    "USDZMK":9001.203593,
    "USDZMW":16.74635,
    "USDZWL":321.999592
  }
}